Memory_Density_M,Emotional_Charge_E,Recursive_Intensity_R,Subjective_Time_Distortion_T_prime
0.3745401188473625,0.18513292883861965,0.26170568373590597,0.09555854228340506
0.9507143064099162,0.5419009473783581,0.24697879907199982,0.6305920083824552
0.7319939418114051,0.8729458358764083,0.9062545805210367,0.30725339364133447
0.5986584841970366,0.7322248864095612,0.2495461998495061,0.5560044751548999
0.15601864044243652,0.8065611478614497,0.271949726128631,0.16756545506473794
0.15599452033620265,0.6587833667107174,0.7593982624179637,0.05971871077979565
0.05808361216819946,0.6922765645178525,0.44973984245054,0.036555478714872025
0.8661761457749352,0.8491956515653193,0.7767105569551812,0.39650569308201744
0.6011150117432088,0.24966800885918594,0.06536615756438524,0.42499991485782473
0.7080725777960455,0.4894249636431405,0.4875711936733843,0.28663765542073505
0.020584494295802447,0.22120944181960223,0.03361360018328263,0.017038100283956203
0.9699098521619943,0.987668007996647,0.06265320345535452,0.9944786620904307
0.8324426408004217,0.9440593396866133,0.906437453344411,0.3717259442834344
0.21233911067827616,0.0394268113685059,0.13924537111759516,0.017494591129366802
0.18182496720710062,0.7055751725156885,0.5324206822752171,0.10108227438648805
0.18340450985343382,0.9252483174156658,0.41109560260070654,0.16450230119534337
0.3042422429595377,0.18057534512733353,0.3473433262588427,0.061328399990532134
0.5247564316322378,0.5679452305526295,0.8998333456872725,0.1479474461154155
0.43194501864211576,0.9154882975880418,0.0218233967754895,0.9250593275668794
0.2912291401980419,0.03394597858579884,0.6637896861755891,0.006471624531204271
0.6118528947223795,0.6974202672468399,0.9633944342135504,0.19799017027626795
0.13949386065204183,0.29734900737255077,0.5601681834618419,0.03140466505170675
0.29214464853521815,0.9243961953765304,0.9368224620330918,0.12950187365467528
0.3663618432936917,0.9710582451653678,0.05225787928602377,0.8237189618815286
0.45606998421703593,0.9442664891134339,0.4187933190741614,0.3927531818307072
0.7851759613930136,0.47421421665746377,0.26015779096205116,0.4753151444761551
0.19967378215835974,0.8620426509893134,0.7308209649807298,0.10321975340413421
0.5142344384136116,0.8445493985350704,0.9812970904972467,0.19816512349760745
0.5924145688620425,0.31910047324325563,0.2565300624442478,0.25906936677665016
0.046450412719997725,0.8289154741506773,0.6541746014740745,0.025521347941846795
0.6075448519014384,0.03700763471549262,0.19809763275974013,0.037694269735458676
0.17052412368729153,0.596269878482053,0.5653302545716099,0.07626360440134229
0.06505159298527952,0.23000883728770305,0.4639324866883362,0.013265385422068817
0.9488855372533332,0.12056688577727881,0.9720053296315371,0.05330930471493294
0.9656320330745594,0.07695320162920916,0.6085272726964666,0.05239067196049634
0.8083973481164611,0.6962887758781398,0.3495063720868188,0.5553656272090393
0.3046137691733707,0.33987496376806614,0.11409578488793337,0.23718169667042527
0.09767211400638387,0.7247667715287615,0.15124682873493456,0.1399517976910901
0.6842330265121569,0.06535634079894237,0.2253169299512351,0.06862336086111465
0.4401524937396013,0.31529033783061033,0.250966661340298,0.19516886917367823
0.12203823484477883,0.5394912923753372,0.8506160578411378,0.034615583922535414
0.4951769101112702,0.7907231648389635,0.5612227882825249,0.2877199215712174
0.034388521115218396,0.3187525029320699,0.5233909113743664,0.008791550024189573
0.9093204020787821,0.6258913764370091,0.11476887186921747,0.8680209981785093
0.2587799816000169,0.8859777482361871,0.860139693349435,0.11883167931171774
0.662522284353982,0.6158631881823046,0.7228143032084837,0.24298464758211027
0.31171107608941095,0.23295947475363377,0.06766836190000158,0.2132241675085135
0.5200680211778108,0.02440078155653802,0.7078350972297687,0.007854205192769075
0.5467102793432796,0.8700988739009299,0.5435382173426461,0.3536340021581502
0.18485445552552704,0.021269410850387138,0.08172534574677826,0.010817401342369984
0.9695846277645586,0.8747016726841994,0.45830064152865646,0.6408027423780851
0.7751328233611146,0.528937134027212,0.484696287130047,0.33691323152325603
0.9394989415641891,0.9390676985128962,0.16577454016327575,0.9301871828262536
0.8948273504276488,0.7987832357736654,0.9456981470002823,0.32905520008033945
0.5978999788110851,0.9979341105333375,0.8499753714806619,0.3041099923996304
0.9218742350231168,0.35071181545171015,0.6690223373291083,0.20716738081821573
0.0884925020519195,0.7671882889311269,0.4622955610006072,0.06029574339684823
0.1959828624191452,0.40193091360924216,0.4117655415845085,0.07680901946803989
0.045227288910538066,0.47987562030390885,0.6509734671509542,0.014449220757377888
0.32533033076326434,0.6275054632183701,0.5454318694069055,0.15684186500374964
0.388677289689482,0.8736771141863388,0.062273105881885615,0.7803706390125035
0.2713490317738959,0.9840834691992951,0.5125026487703317,0.21459459965824357
0.8287375091519293,0.7682734138645182,0.8064036172328395,0.33745844626764004
0.3567533266935893,0.41776678216733376,0.45923987759695806,0.1324689050993729
0.28093450968738076,0.4213570022770702,0.05195657755426841,0.37092782205334707
0.5426960831582485,0.7375823015888915,0.7862781993840331,0.2220605034018004
0.14092422497476265,0.23877714576830233,0.2013637821359744,0.055770749002570265
0.8021969807540397,0.11047411313139466,0.2586208348880388,0.1229344937406225
0.07455064367977082,0.35462215764077654,0.1647063534322959,0.04989558432657709
0.9868869366005173,0.28723899165408173,0.33021506487149754,0.31803035852824896
0.7722447692966574,0.2963081204559901,0.756751505688635,0.132752508790228
0.1987156815341724,0.23360775104990994,0.5193858595039373,0.03745630063848475
0.005522117123602399,0.04209318963636188,0.20488127415071256,0.0003812033268790392
0.8154614284548342,0.01787393473341381,0.8778300781520408,0.007452846259497505
0.7068573438476171,0.9877223897360315,0.8795818549515292,0.3420088715639339
0.7290071680409873,0.42777313373586234,0.8705784250460069,0.15928350111889775
0.7712703466859457,0.3843266471596817,0.23879621138153928,0.41153703315506945
0.07404465173409036,0.6796472826930698,0.4512393441809881,0.045614780707123624
0.3584657285442726,0.21825388786506417,0.9849896561408751,0.036038434260405997
0.11586905952512971,0.9499611839502253,0.7720124763099904,0.06302959892818483
0.8631034258755935,0.786345014415552,0.027167421225559818,0.9904258370272091
0.6232981268275579,0.08941100231225951,0.06520459126049205,0.1670872694465699
0.3308980248526492,0.41758077578492836,0.46393137681233276,0.12190266316812336
0.06355835028602363,0.8791183075621647,0.9092202058615602,0.02767534808832081
0.3109823217156622,0.9447320222914103,0.5387017979527142,0.22602250656106446
0.32518332202674705,0.4674015112498697,0.4978125080342902,0.12644240133943227
0.7296061783380641,0.6134113892107077,0.10547369995663058,0.7965369038192471
0.6375574713552131,0.16703394609207523,0.656780104724294,0.07024388896460662
0.8872127425763265,0.9911686261369765,0.8221031606002255,0.4437032500874259
0.4722149251619493,0.2316717013834434,0.38042000750756233,0.11336803244680681
0.1195942459383017,0.9427317741351257,0.7756118509253275,0.06429206095459844
0.713244787222995,0.6496466489923685,0.9644766539008116,0.21427279064250998
0.7607850486168974,0.6077367948788591,0.2037664591276891,0.6416893420618074
0.5612771975694962,0.5126885110165086,0.5233296311947413,0.22681124539146094
0.770967179954561,0.2306698117177587,0.28713795808457554,0.22572855425381733
0.49379559636439074,0.17652803200550826,0.7928544190338394,0.04877592114230354
0.5227328293819941,0.22048620907017535,0.5775933658811575,0.08484313969746428
0.42754101835854963,0.18643826214425452,0.6345824175503038,0.0542021439887298
0.02541912674409519,0.7795844735667533,0.7979141596158941,0.011034213050165498
0.10789142699330445,0.3501252591667301,0.3959704726624549,0.03806402289114194
0.03142918568673425,0.05784267656339637,0.9150900684070432,0.0008954612959979149
0.6364104112637804,0.9691026301408113,0.53302886724614,0.4519433130683816
0.3143559810763267,0.8837858849634257,0.157954822835348,0.49186055040854604
0.5085706911647028,0.927752283195213,0.6958991181688025,0.28802540362143564
0.907566473926093,0.9949078226464353,0.7932613504382544,0.466369311102448
0.24929222914887494,0.1738952492194873,0.31676167706752667,0.05196217877415502
0.41038292303562973,0.39624201890265875,0.857179256998753,0.0847390850741091
0.7555511385430487,0.7582384757040913,0.9061432547657664,0.27724483425429275
0.22879816549162246,0.6960206180537922,0.2769044873778089,0.2081703805062733
0.07697990982879299,0.15389590633985506,0.9835214727152221,0.00546679289353612
0.289751452913768,0.8158331249906178,0.14071152804875842,0.45502641636975794
0.16122128725400442,0.22444057183666066,0.20201566840248997,0.05983361024193931
0.9296976523425731,0.22381761482262308,0.18422483923802613,0.3505345004723767
0.808120379564417,0.5369744228934136,0.8939897100078704,0.214879922100481
0.6334037565104235,0.5929399348417032,0.6542925523249619,0.24393645572499195
0.8714605901877177,0.5800862078378112,0.15210428322227287,0.7626862189553655
0.8036720768991145,0.09148683739775487,0.440323418368349,0.06793354573500912
0.18657005888603584,0.8774608626303804,0.615298025069802,0.11393646948242273
0.8925589984899778,0.26560004258870606,0.08346408498938329,0.5690228417277182
0.5393422419156507,0.12951492128280417,0.8824163684073387,0.03553658906624419
0.8074401551640625,0.8887480798689772,0.8036035354415352,0.37745015090402323
0.8960912999234932,0.9556514982297534,0.5052067735766382,0.6090981328455406
0.3180034749718639,0.8621276172654506,0.9671266152591704,0.12775498066280427
0.11005192452767676,0.8095160747248781,0.4177609792750997,0.08582111574887363
0.22793516254194168,0.6552419806390217,0.9841103190364978,0.06877386707301619
0.4271077886262563,0.5508573706091393,0.6679199988036271,0.15200292203364188
0.8180147659224931,0.08698675991141014,0.6346712732539415,0.04838958801218165
0.8607305832563434,0.4084532130706987,0.165954895295785,0.578998281372585
0.006952130531190703,0.372688517012314,0.881927758304644,0.001319332146643814
0.5107473025775657,0.2597537837603262,0.42748968792061515,0.12509589566962323
0.417411003148779,0.7234201136885849,0.16223340578247936,0.5195720168316672
0.22210781047073025,0.4958757350787708,0.01260751997575904,0.4534496127684415
0.1198653673336828,0.08104621590764793,0.5597556836383826,0.007362163876243862
0.33761517140362796,0.22018320194981134,0.5273996221226763,0.0591730875587022
0.9429097039125192,0.6832587636595959,0.7193536223691586,0.37406925720349044
0.32320293202075523,0.07613085949030018,0.8902580530178021,0.012423252211038375
0.5187906217433661,0.8512069140487687,0.07940658464302952,0.8427877358238091
0.7030189588951778,0.4951465270139743,0.7314964903403623,0.2063153663830809
0.363629602379294,0.480586577326648,0.18741194409758222,0.29498324487579
0.9717820827209607,0.5924077846595176,0.858177053157164,0.2916874556759271
0.9624472949421112,0.8246809659251492,0.8190635138616561,0.4068284529163237
0.25178229582536416,0.34780920790219305,0.5407937549855444,0.0682248843148874
0.49724850589238545,0.6780161525590636,0.7102427986233115,0.2050995668711947
0.30087830981676966,0.5657319639957911,0.3143501131837484,0.20256105531482468
0.2848404943774676,0.2670282701694213,0.47116789893281463,0.06648505906527151
0.036886947354532795,0.878629986355158,0.8216368977104717,0.017581022759870942
0.6095643339798968,0.7974260216069281,0.4592651971732139,0.4091354527547397
0.5026790232288615,0.6584518346584255,0.3577982653254418,0.34653630015568465
0.05147875124998935,0.8505817290942419,0.4942124472502999,0.03682780663843304
0.27864646423661144,0.8672942009598024,0.8282492524372184,0.129444003609868
0.9082658859666537,0.7083629767150348,0.33520804737087273,0.6286409746849737
0.23956189066697242,0.837013328363672,0.1737615931357438,0.35068506175963
0.1448948720912231,0.6974714616692836,0.7120140203307808,0.06214781496527705
0.489452760277563,0.6801407717603004,0.8259782127080818,0.17784276508782593
0.9856504541106007,0.6186113782151843,0.10063747852353333,0.90860930595422
0.2420552715115004,0.7527166395576412,0.23987411275594472,0.26179917412832876
0.6721355474058786,0.1586051052930737,0.1419719897609939,0.21678678860347414
0.7616196153287176,0.8808707591989284,0.3479414115821666,0.6344667767562537
0.23763754399239967,0.871843527745232,0.45035097890541265,0.18603594720043432
0.7282163486118596,0.029247283034559146,0.7488263369633065,0.012545105738827271
0.3677831327192532,0.8258167505647627,0.6511475848816741,0.19946145789277817
0.6323058305935795,0.1288698674734452,0.6209285674784312,0.05645394900787732
0.6335297107608947,0.3351188542591419,0.3523749466096544,0.23044469462221853
0.5357746840747585,0.7435082562916078,0.8414475530847599,0.20846306103417503
0.0902897700544083,0.1607598960483082,0.47128716739816456,0.012703062569103512
0.835302495589238,0.8179670241190622,0.9791049380151545,0.3064128750905182
0.32078006497173583,0.8321341779577419,0.6341421382957368,0.17982188959852605
0.18651851039985423,0.5074677337608362,0.12626474156450274,0.20616458252014863
0.040775141554763916,0.00638587171683358,0.676177562075434,0.0001677353440018395
0.5908929431882418,0.2870381331749128,0.325104015431699,0.19688605166293427
0.6775643618422824,0.6169269183757422,0.6863271966860974,0.2597101389678722
0.016587828927856152,0.9811861780274235,0.06964114816240574,0.04793434668456969
0.512093058299281,0.6318135270166684,0.1748814371759594,0.5288314869660777
0.22649577519793795,0.2598035810641598,0.8557372589057863,0.03077510630039091
0.6451727904094499,0.6340057030996114,0.2271795570235149,0.5546725010749037
0.17436642900499144,0.5399853797158555,0.83704112524294,0.05019853425825286
0.690937738102466,0.7798453951511436,0.27927608845441043,0.6108855810711803
0.3867353463005374,0.10698063882695841,0.6428819100587077,0.027839218625689176
0.9367299887367345,0.761027902502028,0.694150573509831,0.420937024846656
0.13752094414599325,0.5412665786761103,0.5126547531450529,0.06067369997121163
0.3410663510502585,0.9629920038589946,0.3053106766967313,0.38436886031995243
0.11347352124058907,0.3418721660386861,0.21264437637109612,0.06196136106185545
0.9246936182785628,0.6326218931339481,0.03318935456242622,0.9755531774533837
0.877339353380981,0.9320281055100175,0.3039464012407238,0.7666478925710309
0.2579416277151556,0.10250972799067926,0.653162790531283,0.01755185661324418
0.659984046034179,0.9372284872364511,0.9383048184484827,0.28936045873067906
0.8172222002012158,0.6878857223008134,0.871204482263052,0.2815930633508865
0.5552008115994623,0.0678370591051719,0.7660647765353026,0.02174043833107036
0.5296505783560065,0.30096356694681625,0.7884473432532987,0.08947028389811931
0.24185229090045168,0.7081720886452816,0.6649849034759953,0.1114800816292016
0.09310276780589921,0.0673506014687717,0.260286857566003,0.008701912101851096
0.8972157579533268,0.5821704601762733,0.9071950307058299,0.2536412249326901
0.9004180571633305,0.34588305695295674,0.670732311905834,0.19933620082755713
0.6331014572732679,0.6209155177674771,0.56044063098044,0.28912047894852677
0.3390297910487007,0.04574203381251285,0.11098946921348107,0.036733905149923404
0.3492095746126609,0.8715368061523763,0.4470555438064254,0.27121062771684995
0.7259556788702394,0.9734889691773969,0.4603582712019263,0.5584566240639095
0.8971102599525771,0.9688778552856915,0.86456360952267,0.42236036913105
0.8870864242651173,0.7496518317429247,0.5466482201877885,0.47320692920957474
0.7798755458576239,0.13008624013063197,0.38040054897040965,0.10519941805019552
0.6420316461542878,0.7582631959290226,0.9768003285106593,0.22228015106092336
0.08413996499504883,0.02458691645880151,0.11072059332631567,0.004908693644461377
0.16162871409461377,0.022123551528997254,0.4225484283119446,0.003421488839676511
0.8985541885270792,0.32361021914954125,0.04202467517140529,0.7713692759270916
0.6064290596595899,0.48864319040466575,0.7399041207669304,0.1745981556529517
0.009197051616629648,0.7704074178077932,0.9180765521991506,0.003479820929136338
0.1014715428660321,0.6832953766065052,0.28003732955048943,0.09096916105911952
0.6635017691080558,0.44590270637674834,0.8583416767991209,0.15314457085053299
0.005061583846218687,0.2736266662816659,0.29221823046189777,0.0017655768743770584
0.16080805141749865,0.9971245001577111,0.9107701616439152,0.07915262545335228
0.5487337893665861,0.42618130223597295,0.7539619035967839,0.1360771601706513
0.6918951976926933,0.4513870243296755,0.8049067768414386,0.1708733346291414
0.6519612595026005,0.16362382119166918,0.0180065556004545,0.4235362867785849
0.22426930946055978,0.7948095487499294,0.962810357074026,0.0836624913175311
0.7121792213475359,0.6936822257814886,0.7266709920703233,0.29021820913663327
0.23724908749680007,0.2207696127887604,0.3047510953861333,0.06461306619541947
0.3253996981592677,0.0823810456158427,0.8293946648588469,0.01442062779778883
0.7464914051180241,0.6804993020747131,0.28152119841492995,0.582169841412712
0.6496328990472147,0.6545112142811352,0.872753839566128,0.21513624883883503
0.8492234104941779,0.2732595269982093,0.11258039041193701,0.4973757566663285
0.6576128923003434,0.9508635622504104,0.7036859774607958,0.37051523154010113
0.5683086033354716,0.15105789178090023,0.5406984766449103,0.066895189051983
0.09367476782809248,0.4323348010426019,0.09653447019544081,0.10266942032489002
0.3677158030594335,0.9436159201675989,0.24189382825883898,0.4679496319841955
0.26520236768172545,0.4197273169261223,0.01240403627731479,0.4582906971426121
0.24398964337908358,0.6385259476640855,0.46876796546450583,0.13610724652919148
0.9730105547524456,0.3975943979627943,0.3012652607600004,0.44788757740064256
0.3930977246667604,0.27421520234867003,0.5983574842977588,0.0770234948317557
0.8920465551771133,0.9839776479598282,0.2972378077086172,0.8022242972458161
0.6311386259972629,0.409334006315043,0.2999191115069847,0.3122156097218168
0.7948113035416484,0.8940992036791344,0.7431931987316034,0.39810766682448695
0.5026370931051921,0.22995460589108618,0.04814283597835345,0.37145421372988163
0.5769038846263591,0.2131047040250833,0.9028949951919872,0.061216382037321215
0.4925176938188639,0.03113408288451136,0.8522638743911815,0.008051211318280483
0.1952429877980445,0.651666825375885,0.6678046832264065,0.08266622076635928
0.7224521152615053,0.36852634372376114,0.5932215701073843,0.18970665599166647
0.2807723624408558,0.864358249839637,0.8923024981396522,0.12167933061729154
0.02431596643145384,0.47320990669155716,0.18533017952871444,0.020160848515754115
0.6454722959071678,0.9681934279147217,0.07896916219082861,0.9409127153590279
0.17711067940704894,0.18552551570312115,0.2395101699095381,0.04835337606615761
0.9404585843529143,0.8686231679556108,0.7945782787001903,0.4272977539836907
0.9539285770025874,0.7765968527917417,0.03467026672648332,0.9918676348458336
0.9148643902204485,0.770921844644052,0.5828068350834896,0.4749655430722846
0.3701587002554444,0.8447832281168877,0.9954375161913099,0.14176872853774092
0.015456616528867428,0.7610239909429989,0.8556960938375394,0.0061539999893491515
0.9283185625877254,0.6262203216314154,0.5214456890435895,0.43635970328382834
0.42818414831731433,0.13124487768238757,0.06364090928664234,0.1700403483057886
0.9666548190436696,0.032526179491251916,0.8313735143857098,0.016877548073911106
0.9636199770892528,0.9208478478156868,0.5989785081772105,0.5613114298653596
0.8530094554673601,0.616650314520738,0.11493299705956683,0.8407296247023225
0.2944488920695857,0.7965372909761763,0.0938572848233562,0.54054716353119
0.38509772860192526,0.4815223515125501,0.9096268194365924,0.09157524685736
0.8511366715168569,0.11730818896239448,0.6692002629380784,0.06481104482512945
0.31692200515627766,0.12518579220255044,0.8292867993167555,0.021343307166948683
0.1694927466860925,0.6855652872289714,0.8789789002822673,0.05927712914710524
0.5568012624583502,0.4303058948994627,0.5717723520483222,0.1764637372300421
0.936154774160781,0.20052472670033672,0.5174463517550413,0.15085474704651253
0.696029796674973,0.4915945467414369,0.4304274103209902,0.3117986781941534
0.570061170089365,0.06420893707513409,0.3169465877911193,0.043865969106707176
0.09717649377076854,0.5819714019143988,0.43459596085871177,0.052844822517892125
0.6150072266991697,0.26899340443509767,0.7738796557301564,0.09437259996101023
0.9900538501042633,0.7975591006371882,0.6019234310151316,0.509810256256748
0.14008401523652403,0.31036195892357377,0.8925232899548461,0.02189862906792306
0.5183296523637367,0.4552201490818012,0.4433800143791877,0.21376852950233668
0.8773730719279554,0.011620539908100636,0.607089578718754,0.007209392177462175
0.7407686177542044,0.07244688779455888,0.6313075530919887,0.03667561605062462
0.697015740995268,0.3924935564066848,0.5916971623063255,0.19521755069578967
0.7024840839871093,0.4799388347171235,0.7026337730855163,0.20699226299262033
0.35949115121975517,0.6000205481193037,0.23743346837480628,0.309164766641851
0.29359184426449336,0.29166257870930323,0.5123637775457907,0.06980368353428025
0.8093611554785136,0.6949818861265425,0.10422480280834767,0.8803087049866771
0.8101133946791808,0.8601223971892046,0.38451132764481255,0.6163339037207328
0.8670723185801037,0.7798509888933498,0.4876670686212644,0.5192518446667311
0.9132405525564713,0.039618825348357145,0.6522242595454725,0.024045052696191827
0.5113423988609378,0.48050694725782894,0.9505310525862035,0.11641237203370843
0.5015162946871996,0.10493017841817487,0.6006510665483559,0.03753613770292455
0.7982951789667752,0.24204501586252747,0.7435939161765598,0.11402584755811246
0.6499639307777652,0.9866625932671464,0.5062660594952028,0.48453150326635197
0.7019668772577033,0.14249554290151323,0.6341040313763313,0.06802351868597808
0.795792669436101,0.49888815345135606,0.07093221613377343,0.8214672480484605
0.8900053418175663,0.6181557343181191,0.254391580841847,0.6505237857086728
0.3379951568515358,0.702464970544104,0.3618530932051387,0.25152519145935576
0.375582952639944,0.5596486834869141,0.47249335500651357,0.18154329266264282
0.093981939840869,0.00977084741918366,0.045648745502383736,0.0031523792029829007
0.578280140996174,0.3264613082439919,0.14002409755331768,0.37417142698201383
0.035942273796742086,0.5177116433847114,0.2768143077913058,0.02468583708584819
0.46559801813246016,0.08786649914483335,0.9715326909010507,0.01908737803817118
0.5426446347075766,0.35062693120918076,0.33134700710305076,0.21704073285895967
0.2865412521282844,0.033203108791366565,0.48204105811208253,0.008172832826896112
0.5908332605690108,0.07857849715502074,0.19609771273839294,0.07823752890780299
0.03050024993904943,0.39692327620159606,0.6107800710757683,0.00851597207204396
0.03734818874921442,0.13271575404306035,0.2806832155159743,0.006510167514433039
0.8226005606596583,0.5675408482615582,0.20699257843842678,0.641298228262728
0.3601906414112629,0.6894649691372657,0.5165726284459791,0.198707458199695
0.12706051265188478,0.8005866991090829,0.005505799160420821,0.44790212675473196
0.5222432600548044,0.2001502442448101,0.0076640326492253275,0.4505832914584214
0.7699935530986108,0.16748258225906976,0.21906880910185778,0.19938198146728406
0.21582102749684318,0.10456784033440025,0.03672136250082114,0.08234571423806158
0.6228904758190003,0.6364302495436367,0.10802575413069138,0.7410615525747634
0.085347464993768,0.7064757264869012,0.3388606493387516,0.06858810755460766
0.0516817211686077,0.03158614482564204,0.8025856795798129,0.0009043052208893798
0.531354631568148,0.9362122462436898,0.5720486433693008,0.3540858855247586
0.5406351216101065,0.05197128365147241,0.5126677259564164,0.022926438338820316
0.6374299014982066,0.5412963353010705,0.29348882320812164,0.41234629834292463
0.7260913337226615,0.7090605194509164,0.9317537194328164,0.24444750035914609
0.9758520794625346,0.8709691237460856,0.39701504123719167,0.6936941289737749
0.5163003483011953,0.7140869321324278,0.08709276679577149,0.7553491672103059
0.32295647294124596,0.8017280830697918,0.6170665161178013,0.17860699810642047
0.7951861947687037,0.33945019254280606,0.11383839347660141,0.5588401995356734
0.2708322512620742,0.8148251137465122,0.3452231428016921,0.24287945749315606
0.4389714207056361,0.08011484638467514,0.5074119387178089,0.028941073370448017
0.07845638134226596,0.8948166560605276,0.8742225246851758,0.03601523813789183
0.02535074341545751,0.5475923761537362,0.49354658034011867,0.011693472372302805
0.9626484146779251,0.8172977699624937,0.7022587660316643,0.45449182070522254
0.8359801205122058,0.45231828451830014,0.9928168389990704,0.17130093410747693
0.695974206093698,0.643577695196525,0.13148911989798162,0.7475865020195812
0.4089529444142699,0.5264026609361132,0.2747315255195195,0.2795902618147759
0.17329432007084578,0.7315895217553319,0.3945760755976464,0.12747341551735972
0.15643704267108605,0.08162998203058958,0.42182817853883137,0.012235172671358083
0.25024289816459533,0.0603520839905638,0.41102107526554577,0.014775888870273637
0.5492266647061205,0.24710323401014644,0.9076110025565549,0.06724364952766554
0.7145959227000623,0.15954468011318834,0.7140326444668564,0.06991364461562753
0.6601973767177313,0.8717835665922017,0.6079052140907037,0.3855102355499298
0.27993389694594284,0.21921398735804432,0.3093727178627821,0.07481052372942124
0.9548652806631941,0.9758652558191313,0.8237903842212947,0.46552813666406206
0.7378969166957685,0.33689579177110685,0.9550605114849889,0.117268444189568
0.5543540525114007,0.18211791568869928,0.8211982825502265,0.05474221928366352
0.6117207462343522,0.7896985071424791,0.0015651051914729042,0.9829519889112409
0.4196000624277899,0.6587077755008761,0.636401370183407,0.18549272256274194
0.24773098950115746,0.498195716453139,0.051135381442100725,0.38703211673167826
0.3559726786512616,0.5553635509376312,0.25760722033372185,0.26958157871938543
0.7578461104643691,0.7192017782722638,0.059524700347771686,0.9364433337291866
0.014393488629755868,0.22845474133129873,0.6037954529493877,0.002336086945645641
0.11607264050691624,0.9963339160567419,0.6865899134926068,0.07337955776907917
0.04600264202175275,0.9747931621467831,0.11448763806590512,0.10415618665257796
0.040728802318970136,0.6503256863469369,0.3838388830449795,0.0273648671697569
0.8554605840110072,0.19954245092914513,0.456236508955542,0.1522495400508744
0.7036578593800237,0.6802282424312913,0.3690530217609166,0.4701228086592902
0.4741738290873252,0.07219840897917584,0.12102500048519305,0.07729061501893131
0.09783416065100148,0.030652502205806065,0.4189477901874754,0.002889359523840458
0.49161587511683236,0.2576828885112137,0.7511780478084181,0.07427804284397581
0.4734717707805657,0.4626229567393163,0.07100766453325547,0.5651963097928487
0.17320186991001518,0.8682725054083805,0.08018001408190345,0.3946725604091453
0.43385164923797304,0.727169069766308,0.3547712918359842,0.333587465143823
0.39850473439737344,0.742706521199981,0.941725711618925,0.14111058008688807
0.6158500980522165,0.42549333444807536,0.668572646722914,0.1688395508644013
0.6350936508676438,0.3459349925469629,0.6786699566725648,0.14014610759075904
0.04530400977204452,0.3710387629846027,0.36191999083786497,0.018193290271249846
0.3746126146264712,0.9876495637360578,0.5936607912085384,0.2605429966636768
0.6258599157142364,0.04010919141248248,0.010131184027743378,0.1134765514690865
0.5031362585800877,0.8670314961224486,0.6360960464095422,0.2879382085581917
0.8564898411883223,0.5786754085723934,0.9132869475762367,0.23980318469596984
0.658693631618945,0.43861541918959046,0.6125734683448192,0.19999293038432125
0.1629344270814297,0.7252576604151365,0.873698593466345,0.0606063397556436
0.07056874740042984,0.48666894142470285,0.7239730554660938,0.020837238689973534
0.6424192782063156,0.8734232380816606,0.12055841640369025,0.8543408172679877
0.026511310541621813,0.9007018640112585,0.9024533072858417,0.011909610964529199
0.5857755812734633,0.4217209268734554,0.06644384435577488,0.6304083952487829
0.9402302414249576,0.2768277972350516,0.5339674725477638,0.20244443445314575
0.575474177875879,0.5923503285933622,0.14213712379345766,0.6068396136547557
0.3881699262065219,0.912363345616691,0.011706610730904066,0.9194082935819755
0.6432882184423532,0.21066218900566658,0.422034260127639,0.12907253992838943
0.45825289049151663,0.6229665835634828,0.29504070765415624,0.3463806741948431
0.5456167893159349,0.6315602200925206,0.486000493797603,0.2858291429909144
0.9414648087765252,0.733113022415281,0.5771998867345508,0.46963232122822873
0.38610263780077425,0.1315676851272598,0.04373907230894736,0.17488784165713286
0.9611905638239142,0.7158249646820886,0.12300329512374564,0.9125691407479624
0.9053506419560637,0.909032520665641,0.5586423964504253,0.5544368472583006
0.19579113478929644,0.17968310887024197,0.34316735317265823,0.03967112670628686
0.06936130087516545,0.23754332492387764,0.729173487549448,0.009935057116446546
0.10077800137742665,0.9713950940416396,0.6522916485919397,0.06497303678352856
0.018221825651549728,0.18097695270948977,0.8456043629899068,0.0017437140023863163
0.0944429607559284,0.8543850933695791,0.6924928266692253,0.050865456999103595
0.6830067734163568,0.4922778564480348,0.42993107739014813,0.30700785396933905
0.07118864846022899,0.24723107440317704,0.6729666223944324,0.011384246861158616
0.3189756302937613,0.8707499012725114,0.2753811742554185,0.3539520175195932
0.8448753109694546,0.4453052550026655,0.3063134987782127,0.43250724499255894
0.023271935735825866,0.5148173539296902,0.7889851599207933,0.006738366163248338
0.8144684825889358,0.3592333693997657,0.4464195164015822,0.2615100246753783
0.28185477477339993,0.5929508514349274,0.7983803405183525,0.09274786059313726
0.11816482762165625,0.16352387258502277,0.8224223736682784,0.010473544554519182
0.6967371653641506,0.3910815366517607,0.8575623376612838,0.14132614191139803
0.628942846779884,0.9694123223352875,0.9166352358412073,0.2911882969795659
0.877472013527053,0.25813343270112754,0.43098522051329624,0.21011088660746477
0.7350710438038858,0.6567366645412922,0.31886681832113883,0.5199380805491416
0.8034809303848486,0.3251900642246949,0.5821987465941139,0.18919426386928137
0.2820345725713065,0.7734731256866006,0.3711724234376276,0.22744452399768775
0.17743954377972282,0.13087366071834983,0.601074166800233,0.01656033037909439
0.7506147516408583,0.9698210450785447,0.7055858626438246,0.42339510728285373
0.806834739267264,0.45378954138363925,0.6884050184921369,0.22811363884765734
0.9905051420006733,0.23605046334646396,0.37455288702012135,0.24148156733415185
0.4126176769114265,0.07349674733001266,0.16686020169875282,0.05675905003469056
0.37201808579278317,0.16975790508754074,0.43052933846220753,0.05944868526272397
0.7764129607419968,0.5197739485560177,0.14259414408190874,0.6814188286810298
0.34080354025301784,0.3370031764312863,0.8900970351838083,0.05793536187151898
0.9307573256035647,0.8288833658826095,0.3458774607378574,0.6988944054804275
0.8584127518430118,0.43088752366180594,0.15445974722332378,0.6210996829670207
0.42899402737501835,0.2487142725876299,0.025447759905750877,0.40135613309275064
0.7508710677914974,0.61714498660403,0.6458223862864843,0.3010385936365059
0.7545428740846823,0.7067772168854458,0.6369023174547432,0.34684103371084385
0.10312386883593261,0.16704190790094986,0.34060416658129167,0.01954567755587331
0.9025529066795667,0.16761921628831766,0.071711888847651,0.41407578266168016
0.5052523724478571,0.03667142693354297,0.409628894895232,0.018176250430938932
0.8264574661077416,0.7364020150656405,0.3112174950633936,0.6291474025212298
0.32004960103061175,0.6638045276218051,0.6771206397350094,0.13584571822020208
0.8955232284962005,0.4746308757498139,0.6057792494526903,0.2923336540996016
0.3892016787341631,0.8441704489691971,0.36459372819754,0.3395565949558177
0.01083765148029836,0.8056701529500532,0.2178925542549901,0.013732664224101968
0.9053819764192637,0.5853543643967521,0.9880359661555919,0.23884041248884164
0.09128667678613356,0.8682712805132586,0.45400162119611487,0.07141375607457073
0.31931363759041487,0.20584121003676825,0.688274235780237,0.04166687655733349
0.9500619670508049,0.11191961939772788,0.14055296757836078,0.21748317717340068
0.9506071469375561,0.2697496115169896,0.4855896996593978,0.21551394746457497
0.5734378881232861,0.05708685608931485,0.027536719869465487,0.12763859094373223
0.6318372121697993,0.531169528001032,0.50545511791045,0.2702721089403217
0.44844552197831977,0.9366056922949615,0.9640174071177023,0.19484936235243513
0.29321077169806453,0.03934354066850965,0.3842067129858002,0.011911652594334186
0.32866454536991596,0.1221099140100268,0.03899601257491159,0.14337347785258162
0.6725184560770384,0.4521990282834353,0.03095579091934353,0.8214063057899774
0.75237452943768,0.9338750175279049,0.3879867599468695,0.6168603308231538
0.7915790437258485,0.3161561049767505,0.16002493646319405,0.44722651535621044
0.7896181427945539,0.5072348086883924,0.023352096328185912,0.9251288933373096
0.09120610304869037,0.0415728590503921,0.7562136139501768,0.002214220965527134
0.49442030470258147,0.14834320096208886,0.4585230088818907,0.06556459970378901
0.057558760016644284,0.9866301229588469,0.2892447719726545,0.07281881708538489
0.5495288823237355,0.9651186964360455,0.9000831830164807,0.2591138481979753
0.441530501373377,0.004939980934409616,0.11613896020052561,0.005045674659330343
0.8877041827582998,0.951811785423239,0.9559188289553192,0.38002684810569726
0.3509150125520787,0.6391199378155004,0.3139667173773528,0.2644504206547381
0.11706701642760586,0.8679182945200221,0.8884036723086812,0.05135312114712168
0.14299168205283586,0.4547398556338591,0.6029428764794615,0.04621832912798219
0.7615106317174722,0.5155960285792502,0.8267073597414875,0.20872932419725562
0.6182180633162611,0.4888465802569202,0.9840131632104643,0.13849989734693408
0.10112267612279024,0.6668642575461043,0.2884054378187457,0.08659277612801791
0.08410680611499743,0.1396512547563129,0.961135485407593,0.005534402178983087
0.70096913145912,0.029973589872677953,0.38948189490242036,0.021458746601989463
0.07276300636419353,0.3079299415911909,0.3855119047369223,0.023070425643555433
0.8218600592903562,0.7046807627366467,0.3403871042545057,0.5767275258214393
0.7062422271564962,0.20185345212294836,0.5414076073475852,0.11067336422648387
0.08134878064189976,0.6734324333249173,0.1541450431784871,0.10736342366826312
0.08483771408519192,0.9699120461072704,0.5537114853580112,0.06285391138273627
0.9866395785011755,0.09390071578941839,0.541704812410004,0.07206239381181301
0.3742707957561203,0.6726021182251263,0.76190181260487,0.14500546624873
0.3706421470668909,0.44375021930457115,0.8336499619375856,0.08785332935352892
0.8127995672575026,0.8681422543775054,0.44044135031242404,0.5735676726764795
0.9472485773838587,0.1771497894473859,0.30233324935149375,0.2055683014877115
0.9860010638228709,0.6926259522261645,0.25933489731709447,0.7399049970570369
0.7533781852589416,0.8381152896481102,0.19462383670487193,0.7900504862680328
0.37625958553091576,0.9446142194740232,0.05764758219902488,0.8100799924263222
0.08350071669866876,0.6832480282896458,0.34244797883471334,0.06438359344990728
0.7771469159274368,0.4971747640084273,0.27024769213078326,0.47907489248565593
0.558404249735805,0.6178472402012138,0.9664173858664074,0.16036426089254813
0.4242220092469763,0.8689049844787182,0.5577088262500439,0.27311029001821596
0.906354385094736,0.5706097466388297,0.34727703903050755,0.5213099099295664
0.11119748230615134,0.03038705969683686,0.580467600993696,0.0024828203318839224
0.49262510429085915,0.9309486955069778,0.1391967013456955,0.7436711608705172
0.011353644767419069,0.6895267510315611,0.4440437492022029,0.007194740052719482
0.46866064199412627,0.6765133857772465,0.6262343214210638,0.2148848778269361
0.05630327568183735,0.21567515239771717,0.4888978317924514,0.01030975719115162
0.11881791626807192,0.6588854702326572,0.40177880065432425,0.07785201080787757
0.11752624677710488,0.3938644056541585,0.9938483888996982,0.02115581057228916
0.6492103021160636,0.6512329770414921,0.880314762148927,0.21235710067551355
0.7460448792654233,0.10659303030799072,0.6234059581594401,0.05490914057867964
0.5833687650971596,0.657845304603036,0.5693773611822828,0.2790570821888842
0.9621725484745419,0.9994137257706666,0.620660479824584,0.5831163056993534
0.37487057952370406,0.04821203886055603,0.20131210782243325,0.029981965069461873
0.28571208628186073,0.9771741842213173,0.3951377432643186,0.27469236411309295
0.8685991281894603,0.4069079607228706,0.03945953289089932,0.853030763284675
0.22359583851945264,0.8707534503372591,0.47554603748682667,0.1675462656865494
0.9632225394406113,0.7823854840582735,0.5430245839576632,0.5270050993703007
0.012154474689816341,0.5670162609866678,0.2277497361032096,0.010513404140573846
0.969878826707639,0.7384492092513265,0.9640288471655137,0.32439745316837176
0.04315991195057611,0.8785155613013479,0.909454610937242,0.018778554548728864
0.8911431136980711,0.404140321651033,0.7221432354559059,0.21559264471368905
0.5277011090862999,0.3270331615632387,0.5333866287653626,0.13539597454384292
0.9929647961193003,0.6675933855635847,0.869969159647685,0.3290033430918573
0.07379656473539886,0.8078459419412586,0.1306523438234629,0.1285193214955034
0.5538542844013208,0.7622851347766157,0.790509794274885,0.23270964987646778
0.969302535619099,0.7978136488586345,0.1248208139668483,0.9378467455800441
0.5230978441701488,0.435583314812933,0.7942106625494054,0.12671947966897337
0.6293986381352625,0.8178342161750216,0.27576756825135695,0.5947105785857547
0.6957486889846172,0.12020905537060844,0.8770905810181889,0.042772014864076356
0.45454106476777323,0.5444890979608495,0.9440420938253978,0.11797425044110325
0.6275580800840634,0.0057586604981215705,0.14879596940511564,0.007262638527504162
0.5843143119231002,0.3245858299002703,0.4626756050653935,0.16695643657494555
0.901158010490989,0.3664615348713979,0.9809873781626851,0.15157211076194244
0.04544638034145787,0.3961726916092554,0.4834074359731466,0.015429342230794802
0.2809631895922303,0.6954672066898622,0.8635475225145451,0.10105042473291212
0.9504114840765587,0.38855810127034573,0.5887315221313199,0.26185075031606414
0.8902637838909163,0.44869362262253065,0.37532990791960186,0.39708865439978164
0.45565675278571294,0.23754413087432746,0.2857835555258702,0.13937102718631766
0.6201325978015367,0.3732517916293401,0.20322309108608727,0.36416159252977653
0.2773811829811327,0.22726962726315147,0.7617981913776972,0.036558572299262224
0.1881211597237613,0.07319592376844364,0.3865405068230279,0.014149678048018907
0.46369840493998216,0.6034485933813779,0.5112754622007512,0.2249658425154295
0.3533522280260528,0.6682127985550163,0.4923254800011819,0.19671348848468995
0.5836561118508721,0.6194903460096145,0.5772790292331312,0.2607639246798924
0.07773463696498484,0.46349404380057235,0.8655771456245522,0.018654833301053556
0.9743948076661665,0.3797857801792298,0.9807393435834294,0.16955404004812735
0.9862107444796029,0.8633336495718252,0.40758420857381694,0.6851236299881748
0.6981617140197451,0.519081785136218,0.8275189221063031,0.19291349693097182
0.5360963663441204,0.47918187762973097,0.7645277946547177,0.14748749580655557
0.30952761628632774,0.025642065806435688,0.5735289514555733,0.005891978097724817
0.8137950197069487,0.34124782762615635,0.9560471436119331,0.13073112009660348
0.6847311725538793,0.38019561878585706,0.20047451552840279,0.4079930538242738
0.1626169393448913,0.3988227808969005,0.10926421030962141,0.1537318782146173
0.9109271844938425,0.5801723692273323,0.8539619669554221,0.2701261740110183
0.822537242923169,0.5336025467268785,0.4391498166337483,0.38595403229587355
0.949799913291924,0.6079050927934446,0.8469688542070605,0.2957549898016127
0.72571950838836,0.7648832615421283,0.8930902051954149,0.27242047924312623
0.6134151959357899,0.8129857387160935,0.06245759361907144,0.9112518087333368
0.4182430362906189,0.7181230762264944,0.8834647629860607,0.15152403523230232
0.9327284833540133,0.9555236959549347,0.4483190553694222,0.6710802154156913
0.8660638895004084,0.01823258267636163,0.5104324890042322,0.012933208253548146
0.04521867010618941,0.1957779856835461,0.6265925110932102,0.0060919363316227736
0.026366974497252005,0.00756287497814212,0.9263826067300868,9.714220103681416e-05
0.3764633668780496,0.647474714154603,0.01911609442976403,0.7711519643452713
0.8105533307818329,0.8980305489499869,0.4768434683178171,0.5586958102267866
0.9872761293149445,0.24348229657629927,0.6877220424305607,0.15140873020914145
0.15041689110352818,0.9270345447963066,0.7227069576982285,0.0845433443478125
0.5941307153521351,0.06026739028956085,0.692532431537108,0.022586216459073754
0.3808908566310215,0.9344360268055143,0.13443512940812186,0.6405449337312037
0.9699143978146032,0.3516226872396344,0.29939558837168123,0.4027692467339925
0.8421189231357087,0.10142082844921652,0.35871552541701346,0.09282715524499266
0.8383287047111379,0.48587175918632564,0.804437207679505,0.22144854440420547
0.4686931597949703,0.25677656772050794,0.278759872414553,0.15754965672770274
0.4148195023376652,0.28487290196192283,0.21070496386720317,0.18790603151626342
0.27340707193070624,0.3072899649262866,0.9574480190380962,0.039704591013795636
0.056375496650927115,0.8030258978326634,0.0088632851134689,0.20498035363175016
0.8647223762550532,0.5391612766752545,0.9978208556819782,0.2092061612227337
0.8129010091300776,0.31130769915600365,0.6768212988573956,0.1614578838490738
0.9997176732861306,0.6103337833109184,0.8284692994491171,0.3172484250603101
0.9966368370739054,0.7161506742231936,0.29461939634619316,0.7184057144569387
0.5554317056026274,0.27262400073353377,0.014315277667059978,0.57989781431568
0.7689874151805105,0.4135491015253515,0.73786951856153,0.1875295185108752
0.944765729882428,0.12188609333694755,0.8341445970006758,0.061558030075498045
0.8496473906774115,0.18114934953468032,0.7404761319535191,0.09130799736618567
0.24734810174319766,0.6811178539649828,0.1428502873008386,0.333593580398197
0.4505441353100935,0.18143834769562694,0.7534279222569691,0.04785614462233859
0.12915941515149498,0.5251633836670602,0.768922782107641,0.03901116044051228
0.9540510272587224,0.7090462617224327,0.6585405156700549,0.41852291543723874
0.60617463445088,0.10687692309474384,0.7661159327955862,0.03738292238683937
0.22864280550346272,0.5673122196289035,0.8459214396777321,0.0684565205617804
0.6717006844058567,0.25656278370136376,0.6136041142374584,0.12016515655593599
0.6181282404578958,0.9629268752375798,0.08860471396967906,0.918278928009478
0.3581627180328405,0.4835456467199247,0.48762780966721087,0.1463045057631919
0.11355759219962902,0.8059925497751581,0.07764933467160506,0.25205367721268557
0.6715731955927996,0.5502265421562618,0.40754303103243084,0.34875502552807336
0.5203077009037933,0.043412532854819164,0.40710648912562764,0.022267651631409084
0.7723183917356393,0.6331513755940223,0.06600984414024158,0.9001078699524302
0.5201635011119934,0.951403342206657,0.3488205339694793,0.5015070525094873
0.8521815003185401,0.6016118201463312,0.11099809879131484,0.8381428110256339
0.5519068387744855,0.8191888594267902,0.8082352100092222,0.24388252778454067
0.5609379715353863,0.8842064633484078,0.9476880259644708,0.23238062361925013
0.876653602658345,0.22807977194893247,0.0723164752579386,0.5227916242637747
0.40348286621239704,0.21204483990822665,0.9551152072917014,0.04052145731792885
0.13401522845064073,0.6109809888509917,0.5225765993367452,0.06566495946489974
0.028782676313338973,0.4110284698067047,0.2995656779538739,0.014803117304743015
0.755137255673619,0.8398613028667203,0.07686207527616351,0.9460712828178584
0.6203095513534647,0.9000231233980112,0.5006242680704178,0.43395624037724845
0.7040797680992236,0.3534213793027181,0.7945155444907487,0.13820021952786604
0.21296416150891073,0.23687055897448206,0.7070864772666982,0.03124109101535818
0.13637147558676976,0.7805255152438618,0.05022601146397376,0.3401577643739426
0.014544665667881929,0.2748060355481361,0.07290183536790351,0.01155795690613689
0.350587558806597,0.8226143185136784,0.4028732826326371,0.27914125310826376
0.5899176868546331,0.42373825364876283,0.2952904940479433,0.3060542799980944
0.3922440450997323,0.6675498992914705,0.23238432305604784,0.3747047082879046
0.43747492202372906,0.09553531383466818,0.2810044989087136,0.05479258803107652
0.9041586944937484,0.623859324676573,0.8034827432968846,0.3024036113552431
0.34825546702330035,0.4517676787372291,0.9292280536318539,0.07628285860959794
0.5139894891598108,0.5866084631754741,0.4051026945275664,0.28990691702231386
0.7836530127411431,0.16801420774486342,0.9061110021324971,0.06533933973553221
0.39654278232127016,0.7368737449441821,0.32149570124788196,0.3333791040455104
0.6220867002278735,0.8627970775432285,0.4764369863437916,0.4346067232528535
0.8623637087467452,0.21673980009077565,0.22602899781599972,0.27904307102075043
0.9495206236576421,0.09571455552016173,0.640476042175844,0.06129099515117673
0.14707348092903794,0.023638586046336396,0.9789811151748089,0.0016110597661609114
0.9265876251614944,0.641971500443266,0.6034930960433786,0.39926818758879046
0.4921162930795382,0.6070940360887808,0.35781408411354887,0.31518379063041385
0.25824438829895835,0.54669741271407,0.6478174459905284,0.09411634733430603
0.4591357562382613,0.23194709611597542,0.12292067846538757,0.23442194517764547
0.980032575285477,0.39090599590551467,0.8886590802653986,0.19135913050006137
0.4926180939928696,0.594476335186173,0.5030839507798364,0.2381326423010236
0.3287516102875082,0.4967668588591694,0.44934974203964206,0.14755688266669847
0.6334008543167258,0.9877855202148873,0.5858647884535192,0.4269112082850883
0.24014561877819307,0.13643975255673313,0.6247838627894025,0.02259972347761774
0.07586332810866392,0.6951445540475938,0.07177580622651303,0.15230794768913794
0.12887972191064923,0.4043187681042921,0.6826172212234024,0.033278879420865756
0.12804583895777244,0.42819961492561476,0.24193168031552958,0.08000428200336143
0.15190269351229435,0.7175977656581762,0.7139526325065898,0.06686040815885173
0.13882717264941014,0.6924361513243696,0.8225347943841967,0.05205335817977911
0.6408747448032146,0.9912559937021883,0.8039585075525203,0.3376013062864122
0.18188008439914483,0.12839428945412523,0.5525009674078891,0.017892595649991034
0.3456672833238632,0.10410964938416634,0.5201698923107512,0.029005926672302743
0.8967884099060118,0.7243388171287412,0.14287596133941172,0.8710135730184906
0.47396164026287235,0.5783869170064091,0.7753461504031356,0.1553182557083682
0.6675577385210272,0.27416066655980587,0.27140938044671437,0.241515831459518
0.17231987120162984,0.0794193689889866,0.49669542281794654,0.011467270416280657
0.19228901880867078,0.08565824959643054,0.2842740929275167,0.021428219793986923
0.04086861626647886,0.8941908746641183,0.13382836299969314,0.07798485090463914
0.16893506307216455,0.1918673247187429,0.6295576968917366,0.022210572336885892
0.2785903390319586,0.32337156211552076,0.05433203482290383,0.28385031812053535
0.17701048427674682,0.22665640222698802,0.7486452341262,0.02363360274404727
0.08870253375705561,0.3549963058319373,0.31758679526111666,0.03768576904486095
0.12063587110060081,0.06942384274609337,0.00013469300448532007,0.0417943413301428
0.46077876803272577,0.5190597909082704,0.5111291392372298,0.1932202793735195
0.2063337184057925,0.0676125635922149,0.046851908527603126,0.04746369794963379
0.36426986104807546,0.8003565078223616,0.27616955782089947,0.36921947048046194
0.5034172708548569,0.23371208191043302,0.7069764874557162,0.07276960935572084
0.6903948286293653,0.5400119146045106,0.06268962162186587,0.816359866263526
0.039312139841098936,0.8800790875614583,0.8393384923560023,0.01841395923120606
0.7994103989090426,0.6508773690471942,0.003819922658583108,0.9867694531771359
0.6279003894909078,0.5329577865513353,0.24682386920190225,0.4481967324849148
0.08175903194887191,0.3243337531153756,0.7409040561520714,0.015765779880307116
0.8735786241067772,0.33300191305819793,0.3162701497293068,0.33585800277931477
0.9208724005318132,0.6694869551981901,0.10189238806601353,0.9098811281900042
0.06107795985486375,0.9941393612211675,0.3602339188004279,0.06587093942642856
0.2768776481472037,0.6618391898493786,0.27039328638452553,0.2424449674987518
0.8062012797930613,0.5577834173700249,0.8427119021605549,0.23408451715917375
0.7482596903836584,0.7306505102392461,0.31334791758514313,0.5792458867133917
0.18452101935637732,0.46520561228371815,0.7889324717760072,0.0482452685623329
0.2093493233367103,0.060142342600785215,0.8918721448107347,0.0063468813633439595
0.370472102791382,0.5622968158779098,0.43381741957652953,0.19267947966050855
0.4845229851910213,0.9576252845053802,0.909943143854392,0.2257547392074448
0.618254771530296,0.17530294235765964,0.37731805396319285,0.11304684963901006
0.3689136395697724,0.6900048908206657,0.9640784164901082,0.11904440740975047
0.4625347161331479,0.20093368865905648,0.08928952452557293,0.2406781093703144
0.7474709381337565,0.5358276844730813,0.6870192665032427,0.2490980509405309
0.0366832028905979,0.09667644964671962,0.49381404045692867,0.002986112683901776
0.25243694434402075,0.45037093625818514,0.38764880545564706,0.11604466630205708
0.7133495858845524,0.7561633288952461,0.6327118787486009,0.35232050427496775
0.8952068376871993,0.3475715242389821,0.7038570916343312,0.19115399060832436
0.5116774421156661,0.664911724487218,0.004363269650309087,0.9260589009262059
0.5321134852653157,0.7954499607897292,0.16695308874719872,0.6599805014288758
0.10717201133977605,0.9271778194794527,0.7130460506343187,0.061032219419427186
0.44741236682345464,0.23464208185545354,0.6663854135782065,0.06838459821750259
0.5326172664550232,0.39931591580930814,0.9660475051286772,0.09942329269048071
0.24247050363472966,0.15241601333041743,0.761037790250783,0.021457080969380093
0.26924323094938096,0.9924835021583752,0.950772707731338,0.12647291538568028
0.37728416310462265,0.9270009679242953,0.702540501534807,0.21451300703734782
0.02007119777772637,0.5399571302805596,0.29805220863944315,0.013612431597722933
0.3220791655831783,0.8420332943764213,0.10536492225085647,0.5785573006403959
0.21144800699654465,0.5209579772720422,0.7818238633449356,0.06237782316643749
0.32749735217791465,0.6235856880027597,0.6441492214759159,0.13636409571388394
0.11976213181925122,0.08912443211601662,0.04818601239329623,0.035999077796215105
0.890527280739895,0.7552704204968079,0.36005046590097833,0.6236735256296275
0.5935924535540487,0.12771348363523483,0.9567998154842862,0.0358522334764222
0.6791023191444896,0.8260676302525284,0.5004011457102012,0.43591369691279036
0.7891712386073383,0.7820280876703859,0.43272913601970464,0.5221114781392099
0.4984421989290573,0.7087446977429764,0.457699605159294,0.30653733428893193
0.08692028808742369,0.036160380524762115,0.20888272400516372,0.00508776200206694
0.5371065418185478,0.3031283559453286,0.3687071708647952,0.1719566535656986
0.5868411180208791,0.26311256991084286,0.3698132559871766,0.16286291914423698
0.74543947418433,0.3601364074715191,0.0523550201874724,0.7069369280364658
0.4316595462296794,0.08764274676383854,0.7675676285179183,0.021799934244585355
0.12758030279556376,0.9369578230310628,0.416504431903879,0.11520389743281596
0.28377590579872447,0.5538022407123763,0.8221798868164233,0.08500320312942723
0.3630822963986351,0.30552431065802355,0.8503480011198954,0.058296901399839854
0.6459172413316012,0.3969815170742834,0.21199405469865806,0.3892644578293687
0.5707783046689119,0.44720254050483565,0.6573534821701286,0.16693949865837543
0.35609672589784624,0.6005943333606173,0.4722818041629817,0.18471217280339558
0.9865152487929797,0.5156794276964978,0.8801567379214851,0.25383939019281954
0.6057748193568872,0.9193919732144173,0.21574067917645412,0.7074024038037512
0.23722679173599448,0.49696348290583026,0.6778132003100442,0.07564018538770732
0.10178247262040374,0.9921580148233127,0.6077521222527226,0.07122078266830026
0.15285913918433203,0.8514249577450957,0.2953014775718328,0.16314769415105218
0.24595772838450813,0.2085105143573358,0.1366009036511726,0.1079558792045159
0.16068137325955567,0.9305952146439163,0.6516397604772766,0.09914198237399911
0.18656702405130576,0.11636639788547609,0.7385974581323307,0.012943588056084714
0.2850951686938471,0.8174497084911916,0.31562734376335,0.2732386794648079
0.17337359529475482,0.3806232934765801,0.6448326040223138,0.04426960963090122
0.8967654246264252,0.8779743204450695,0.39513090761150327,0.6612770267567494
0.08023374566164221,0.8680566901074503,0.7132068832826177,0.04279655001557702
0.5245113895702547,0.8059254001176211,0.1992152748940531,0.6083993642203301
0.4103968269896615,0.7900304363070614,0.8902150026361744,0.16226779429119778
0.9823786169086064,0.3046791390980408,0.28740959646557973,0.36816345614994295
0.11203890216805235,0.08091928305125218,0.3677859877561529,0.009690140472204614
0.39785559904574164,0.40298017876516146,0.058091952080349785,0.467660498260175
0.9694704332753689,0.17352451498650867,0.1115122123212764,0.3779591610856062
0.8655071258939803,0.6949510889024617,0.5158619027123281,0.4528883135612795
0.8170720709492799,0.34609972653778553,0.2675926767279715,0.3667381636269737
0.25790282704493983,0.9756102008599149,0.8354802257421944,0.13367821736297594
0.17088758739006582,0.640972077345332,0.014693388654953843,0.4442461599292579
0.668643219924431,0.822480563634361,0.3790940486719362,0.5182496840994206
0.9293759891275858,0.13252467274184843,0.3373455467690927,0.1398866828279154
0.5567628930139298,0.8620144822726226,0.019327630917601035,0.9647971175259711
0.5716126894698998,0.9227571905133943,0.12436839900051022,0.8260058470009302
0.2799790936602842,0.4870619188189359,0.41364267491863527,0.13197090040697906
0.7694929331919369,0.6062529377509774,0.49286458444744663,0.37431772509879424
0.18704374855752337,0.7648098009029954,0.4042897472548691,0.140892476224399
0.3236792364042437,0.17483862726041255,0.5309376784120938,0.044817202511545064
0.4254364386164168,0.5025660764634424,0.5951316749056815,0.1525898420672867
0.507610378684455,0.3986630277723131,0.00992382112783563,0.7261246962103944
0.24240973241508024,0.1463739921622491,0.4640951594535039,0.031440427303676514
0.11483682473920354,0.36753442229153144,0.9634992408875883,0.0198406099613044
0.6106200424416326,0.06817230938549357,0.5190322801295487,0.03361028193310038
0.28863055324025577,0.025811906949486985,0.6775422674589532,0.00479076720170452
0.5812382214226123,0.13516628915482276,0.3118638579168832,0.09508780044287088
0.1543627152742023,0.9631151115891738,0.7739913781527625,0.08484729974930735
0.4811401018548175,0.549529535895017,0.7729214818761151,0.15029854270385049
0.5325894325515859,0.96582216115322,0.521296047654139,0.39183210641356403
0.05182353682242691,0.432497878330132,0.9760138232792136,0.010414717191521228
0.3366042781939206,0.3118161330852596,0.12555021476265338,0.22856273782227882
0.13441467693897424,0.5061418628402441,0.016947664889580993,0.28293442155957604
0.06337497047276774,0.4395116886329101,0.770158211757096,0.01600379203799021
0.9899602323899452,0.10566468426174391,0.8071555373648825,0.05759105306700967
0.32235384497472297,0.6408263146902062,0.12020722912057624,0.4374248486991024
0.8098744458546349,0.2160381825095996,0.2655828329586061,0.23482911080451088
0.25464065476376385,0.6195879548978296,0.01755236336662891,0.5856848336003706
0.6815027222239293,0.6502010923981534,0.2933086107805647,0.5104333851717737
0.7602278598896866,0.1520248531286481,0.7731418739186715,0.06608609946783353
0.5956387406078443,0.06134962711066816,0.5179605277125789,0.029558174328054288
0.47157618855015837,0.7807615860684398,0.3480955931682881,0.3891832070595095
0.41184091414726853,0.4598004237693202,0.3717392949063303,0.1980565864955932
0.3488682665429953,0.05816379550547579,0.0013536257154681541,0.09976947478287582
0.9295291442478258,0.9948663171697671,0.2998005275652359,0.8199036024788257
0.8306194077877291,0.05778056099636664,0.6464587416379305,0.03213649077113766
0.9650269106665126,0.6950352288585532,0.9741944438163571,0.30243748591183905
0.12429722348554473,0.9836789252634136,0.8470608269838995,0.06446207627977985
0.7308674752036443,0.23918010421592562,0.023594964645529126,0.6089084545281092
0.9383404568210378,0.14224936868719618,0.8985606046748393,0.06673603168465107
0.18123306616566015,0.1213849394224289,0.7831984132986259,0.01245350258132809
0.0664962673667775,0.30327514756759555,0.7803761235709804,0.011452936407196308
0.741120649290059,0.10104581101064669,0.4579957590035715,0.0670031400369392
0.5744731131799119,0.6921613416941319,0.3980052929545028,0.37928199780020183
0.8418287767582721,0.06229179813006269,0.3029157288331926,0.06498273555337063
0.1397723766262895,0.5094221281497897,0.06569485895436578,0.21161576260248954
0.7952673118598902,0.9966968538529768,0.2282353634936991,0.8359059852337946
0.20162732004774453,0.8139702695060188,0.24660363497802462,0.23242613596561953
0.1636559428657045,0.6152194382310109,0.4840770697102016,0.08597815013598367
0.16426579793099294,0.30625362078661167,0.747444406596694,0.029672876926508458
0.8145747202313821,0.6238958362916385,0.4738098283979466,0.41599422254540885
0.6651972206962001,0.5270414639116516,0.057844449447160606,0.8042547192826295
0.5230654247691193,0.4260833838903715,0.9577898009882039,0.1049587854227504
0.3588304841235025,0.13071037674019947,0.9427243190941123,0.022486749518186175
0.8772005408131083,0.8866042152404667,0.7851895431484084,0.4130650594413256
0.3924451074226354,0.4497846488213225,0.9913279015642206,0.080696171858907
0.8165994394715771,0.19462251182076507,0.5444823328002629,0.12267839579052546
0.4391349085702184,0.3677593508772896,0.9627683502532061,0.07583304665604111
0.3769444294249076,0.41412975252892703,0.07560504061675077,0.41734641923260773
0.46267978566960644,0.8275378955668743,0.3656807482613713,0.3894084147304318
0.3013778741641421,0.733614380561402,0.22538126800676583,0.32725222598950077
0.7476093801762511,0.7693048936413398,0.19583308413427003,0.7496115028658618
0.5027203900924792,0.011031264428647214,0.14080294889267608,0.011514386537215008
0.2322126951468173,0.4161539981797615,0.6224136415659967,0.06678472855351429
0.8995745732745685,0.4813441516353236,0.7813218557473051,0.24083142557361842
0.3838912213732114,0.019192276823056686,0.5782983994203607,0.0054309977417203075
0.5435528611139886,0.2598132087450342,0.14696270958820967,0.2783735130747838
0.9064721109645469,0.760289823122135,0.8111237699334709,0.3611468297306662
0.6242379959139921,0.13710970572899905,0.6359547071637285,0.05808289011359068
0.11689804070836407,0.5353101314525917,0.3881657061269955,0.06400609144572857
0.9398321236134751,0.2152018720172375,0.674130295536063,0.12989476796598046
0.6277080530714179,0.012120774643893273,0.25990497924283285,0.010569490511778967
0.3349056146570861,0.24120145759954148,0.3451922084942105,0.09047644707268347
0.13927207266338726,0.9758737549100538,0.9174858431319902,0.06668900402834013
0.794025189270296,0.8015371118829896,0.2905045056714204,0.6722819613156534
0.6200727559285135,0.9595766443210334,0.4699882681579366,0.4792013145812
0.5334610919763215,0.48785404392636245,0.8901411373960146,0.13066981449570653
0.8938925830509576,0.1097361986775035,0.7077213502675275,0.06064714775685195
0.7885972112245307,0.547959488973693,0.06220322616470275,0.8697447506661448
0.15167487973275118,0.4543773345599609,0.14730304427897034,0.13844360105976916
0.31172206779554823,0.844357082739616,0.007841590771916818,0.839751600159604
0.24848913981446574,0.09808258078424459,0.6309217902291634,0.01667086577667778
0.743946292572677,0.4882411370217782,0.4476734254104183,0.3199644082067003
0.03353243473577938,0.15004866469398426,0.13427485090227553,0.010738036209224805
0.5698896848713165,0.32467592689006,0.9579341210567704,0.08722624669322115
0.7624586857406905,0.7373570773877997,0.5296597239456199,0.41896418902221266
0.8767656367617495,0.47601812936876653,0.24189329411288918,0.5443808291316051
0.34208174871590746,0.37588828514576933,0.5006035711547075,0.10663907496447211
0.8212573046720129,0.3944762785700353,0.6796203327351078,0.2048329399821789
0.11063173695520723,0.45944676840598664,0.07623921797356448,0.14321433042907994
0.8464522917345182,0.7850165438370569,0.274703815047892,0.7097462670462562
0.12748866233198242,0.8920846889402344,0.8069654908839936,0.0626164335892698
0.39728729056036727,0.9553346865039283,0.45966487040266124,0.32665581017503914
0.7972953657795536,0.7869033862552951,0.5465771420322949,0.4503712929270602
0.14991742734877378,0.31540689574801273,0.43281600220946925,0.04434362037015205
0.22925139523264149,0.6881347060865421,0.04389994264300512,0.4991280449423966
0.7222525683930663,0.4376031240553919,0.16574977982015593,0.5332367652609314
0.7200365365460744,0.2546706220460512,0.4455416387418909,0.16649962110441677
0.6411476328852973,0.8408715794259226,0.20918546540792782,0.7023096751361498
0.6939484444671,0.038426348962324997,0.04997902865967874,0.08866532828884847
0.5427244433475962,0.9017619921354235,0.8436496640518237,0.2536563286737836
0.25179905890695276,0.46147746462473416,0.9811925291641158,0.053685106794245166
0.34569599350391944,0.6372014768082804,0.7931428739967394,0.12269490878520546
0.18159771680142567,0.6593539222057827,0.853784921704667,0.06268717214939391
0.9084505613336283,0.8951177407065364,0.24197713031704537,0.8302451237268419
0.5833917947661205,0.6366696821672073,0.9606269755131998,0.17333046405466132
0.4008514167636399,0.6139335847600618,0.19692570445342839,0.39220814813290256
0.4620058036441327,0.06665204056068996,0.9514298103618323,0.01464264582560312
0.9472833396118153,0.5184080219452041,0.994819293965951,0.220588025689871
0.1533514031160802,0.15016900081704165,0.7117228057460487,0.014184080065172617
0.5862298320167972,0.7374337687214856,0.9811437317918219,0.19730784261632972
0.505888678884466,0.5122219208126745,0.5695397795671037,0.19113166765593803
0.6114542354346478,0.6802277792083533,0.25954178317609033,0.5215118930693114
0.01811018382084051,0.041672900602384266,0.43699588566562086,0.000702709076715765
0.8721239089441515,0.08479201604580322,0.593560935378786,0.05326076172823532
0.9321182824836124,0.7163233880626823,0.07308156202701499,0.9586406721550013
0.5651331835892089,0.07208433599867337,0.6223432646172461,0.028190514558577184
0.6966508238768923,0.0712567277652586,0.9811778367622945,0.022952902672696413
0.9224993811772957,0.01210847523488745,0.19010764978372763,0.01924920139543114
0.7072386343133986,0.9565013982994801,0.7925951162883833,0.36178401091696466
0.15253904291426135,0.737508359459007,0.9078987937796194,0.05575072075216063
0.5762883601668132,0.35325140850206416,0.9437015928202208,0.09721730327805155
0.6067150463828559,0.2965355812876552,0.9601356044054472,0.08465051082987922
0.424130671302386,0.34970322974584955,0.5214596387214719,0.11876863280520289
0.7364442356247228,0.7746535311811819,0.9773079079915037,0.25875661493884106
0.9343670147690148,0.6613706110704144,0.7573102071344389,0.3455733452425498
0.9255685129067763,0.18519556786746794,0.1616714362369619,0.3163008246905271
0.4508393714041321,0.17410933533408435,0.47690010646797,0.06792724146779772
0.11323804584075525,0.09839564971339732,0.718331175372004,0.006807732185823923
0.9848411989623346,0.6603027197013381,0.24734031581908333,0.7334271123654632
0.8388980864459341,0.7643726622217359,0.6406151835488874,0.4077454837354797
0.12466268120326685,0.265046428325004,0.6666004790466192,0.021547262968931506
0.9208418826173723,0.020944961030912812,0.1626997438085659,0.03669272424119179
0.8698963620621283,0.08217166747642735,0.5650853124527563,0.053686426095307875
0.5188380571260721,0.9678600348450305,0.7716269109786077,0.2803487495940803
0.5912754357449292,0.29544477747742026,0.4988956645359419,0.1448174897030307
0.39900270387013026,0.7692231478381336,0.012103116776107425,0.8784475778884331
0.05476163882203133,0.6246635688542638,0.009038469079292177,0.15558625419440472
0.3351972416459009,0.3819396396528959,0.3570293439700122,0.13915349003678754
0.8028534485980114,0.2056872621955551,0.926194068431782,0.08028758485765135
0.004632023004602859,0.12138641815940643,0.22867677960360877,0.0008553457060734939
0.3334991716911442,0.6150129680388666,0.6343636888716871,0.13874822568540726
0.3981686935909433,0.774633780637788,0.22207587069332058,0.4453008079171409
0.5373956029379229,0.6439042535411307,0.3216699896595486,0.3887363569533653
0.9198556164127605,0.5303021332491583,0.848042089601484,0.25173823845266097
0.34634599436596125,0.041951223431636264,0.7288614422699469,0.008764592849527311
0.3469532018962277,0.9684887775943838,0.09539927731321063,0.6961700228108338
0.7375012481097484,0.7987141916545746,0.4287020209864336,0.5058035270030281
0.45221794088980716,0.29282203670096474,0.029169763645264468,0.47195207921718907
0.22460482293998196,0.9799703293588506,0.480890146603009,0.1872211739828436
0.4524395161326934,0.6018815896363221,0.6624340117010681,0.1767081477876034
0.14085702037979986,0.5824226582072465,0.11850262359815156,0.18555379928302101
0.1763869865062233,0.7480731794295321,0.28888493890916567,0.16804309065301656
0.49836777273947974,0.8117697880901376,0.3978366255021569,0.38534181692760094
0.4189254495045479,0.6564786073315027,0.9195310246560497,0.13406166279050424
0.9148459010681,0.12809574636620003,0.993255015422964,0.05354459282096044
0.3623938991166331,0.3382675059944984,0.044911298995615856,0.3994290107150401
0.5805883502780435,0.9280836403260497,0.761007923495392,0.30308135986386686
0.6322642879195304,0.22461561184385193,0.37172406640234323,0.14940239708815786
0.013094456588333636,0.3721670238375133,0.39245818622948003,0.004947917715513299
0.6635373720167106,0.432076882944196,0.7542649733470227,0.16624709067013366
0.17803596686975143,0.4394049896944522,0.9184264321454086,0.038388363827744465
0.9610703174694551,0.6129395824945255,0.9509285945025484,0.2731507816358594
0.14866272775311296,0.9430758377447076,0.5771225860383208,0.10315819567700382
0.41462412372702373,0.24069271183250496,0.3571211593005028,0.10872665341652796
0.08534966807864386,0.12150137630091806,0.7875490858587793,0.005841921495998553
0.9968742518459474,0.19747048985993731,0.25100138326230026,0.27329063305784945
0.5021950103312426,0.8869249002092695,0.5640740288335178,0.32332975038827727
0.5953850173200438,0.645810812655206,0.35857846152487316,0.3962874186896932
0.06707647738842748,0.28590678923916013,0.6566310737078761,0.012672354029072101
0.7499604703991778,0.8159469389686173,0.2403989128935069,0.7157323132856784
0.20990559309558576,0.861369996363436,0.19159294573482577,0.30046635144690814
0.8980542894407137,0.846514338690278,0.9182390866754371,0.3568741810679786
0.20513964048200717,0.9189265336395545,0.1018036829495369,0.4358195928539841
0.19068772066366657,0.2522410201733616,0.5059579077349317,0.039667793240547485
0.03654966784809488,0.7550419287462783,0.22085278296300892,0.04297848288893742
0.47206694510999925,0.46053949727414,0.03892996332566745,0.6540982858609762
0.5648411332626164,0.8419985528900615,0.03601881829142639,0.9411783972622461
0.06570863942835237,0.7284906771616132,0.17522177210582734,0.0867442765181794
0.7755276166950106,0.7764474464997246,0.8667703545060003,0.30173457337413084
0.4532888347480276,0.6561618376810715,0.28247874397702666,0.37034258689179955
0.52439026932758,0.17742876946970687,0.9504591705752957,0.04425737977028383
0.44076274693822814,0.5450269188969383,0.5816222929891935,0.17441587700764075
0.400763060875326,0.9846697395245082,0.4366141897687661,0.35197272558606296
0.5596403313082179,0.9373880664971189,0.5800888346694546,0.367634383203621
0.1552402459307125,0.04317373579701167,0.5166983852262678,0.005433965415219429
0.18192813049527112,0.16481481572943713,0.7587762537573252,0.017455888785722146
0.8617856210135173,0.1317287734545619,0.28249606597285226,0.14731645931058338
0.9461154621336327,0.7259799099852955,0.3530503916003024,0.6399211479048386
0.37330931627975295,0.8177853298569451,0.8940943025332507,0.15235474979812794
0.27074467314355377,0.2135113663106719,0.9464565131504055,0.027613364139412226
0.6439995432390158,0.505852692951829,0.8925582274864745,0.1626482278558587
0.4087341710980964,0.8407030280112,0.4194479939573136,0.3192024837961085
0.02538635566034486,0.7328015447662506,0.7803655030068817,0.01056519614708462
0.15615259736619036,0.5422372054918483,0.4763357333010988,0.07332512715922353
0.7159722288473975,0.5903476904587729,0.4975398521461022,0.33963271126131456
0.6589239419101514,0.50836054691628,0.20468010905728395,0.5003022523235949
0.02709599250348349,0.2975484513188206,0.5911303032585165,0.005832676660189491
0.22197216193294944,0.5650219928590161,0.18613589775334793,0.21571740624976263
0.2310747965880714,0.6888853020500907,0.33156469906719377,0.1823636962503932
0.6718927435987284,0.8733229158608077,0.8550302016199351,0.29789188004813794
0.019710537754364155,0.6362913539792481,0.20707580921085522,0.020418250630853868
0.10410858198457384,0.761121537043158,0.07115828517343281,0.22743183867083047
0.7999160853731894,0.160071634954573,0.0690075926128163,0.36167445706991397
0.1785446620543336,0.4615574744197899,0.9407845205031079,0.03956899554388523
0.6527461078518747,0.009331619827093296,0.5069204379618346,0.0050180608639665185
0.23818278104672652,0.24667886452162302,0.40941207181701833,0.05760524125521232
0.09944139275934516,0.7264617151130048,0.8108785810079184,0.039633451196734094
0.24317219099945409,0.9918099513493635,0.835825927910516,0.12815122854519484
0.7222669318556592,0.0991780995872159,0.3321910331156046,0.08268279426749431
0.8556964681062857,0.40149431586128825,0.6936180574737952,0.2131319038268364
0.8302198645669916,0.8000709686991595,0.7711228158518866,0.36379435397963905
0.3971835296184548,0.20403563462889884,0.6546506868659545,0.05364190741830953
0.6680851365706462,0.5550849493022862,0.15159507480009937,0.6273206095900324
0.20498429541582097,0.7330712960296748,0.875883083517057,0.07683906954777339
0.29314773026101326,0.615985450260179,0.5390945527360087,0.14034146228277253
0.8963358185211198,0.18802473461541613,0.2824724263700037,0.21682385405721363
0.013001923510736035,0.3553845686857394,0.4252281854376939,0.0043987102230768
0.08550853085446808,0.7837917844853972,0.03757109039890738,0.23888034902199587
0.20788625514602732,0.5542265141320166,0.12786680122241756,0.24756252883122612
0.026532203873819715,0.005229613542912737,0.7655467505158609,8.015348236360982e-05
0.18143543508979731,0.7609907600280938,1.1634755366141114e-05,0.5981574396011059
0.5830415609696922,0.03531135494023907,0.4165658284822922,0.0199251107360194
0.42142455059249795,0.7457337827312321,0.5225101810855884,0.24719401995844775
0.8926717110769748,0.2024805601652374,0.054634420000972295,0.5258840560953426
0.8174435617384409,0.9580734801193802,0.9730781629723328,0.34953853460996115
0.34181735169787597,0.3679407513020845,0.22612533124967193,0.19046766347811897
0.2594234334312925,0.3269316163380791,0.30419871963628087,0.10453261132882509
0.3796924081672669,0.14888805033244468,0.30394251225502733,0.0698608987909284
0.5902949425148077,0.3056042154902149,0.2304166621173499,0.2663988388461202
0.26806364082287626,0.8766507618282006,0.001473822086311416,0.8203625702423981
0.624148907849134,0.9963343376272473,0.7293447940879964,0.35827983392454066
0.4094116521912404,0.36830953050684834,0.9668454997992854,0.0705536454976992
0.5520471808519802,0.44861063095454257,0.22429348328504506,0.3643013762521693
0.4361265291353167,0.722070938202737,0.6630471918034224,0.2034731846125109
0.29446575954191767,0.8861957804650745,0.7418963269587151,0.15375106938747388
0.9484533069621567,0.5930443341867842,0.8484253790905247,0.288134710768102
0.7636057941597608,0.39152569817782934,0.4226291970136091,0.2784732460859257
0.14011317576645255,0.41262184084862374,0.30293090564042924,0.07161869851459372
0.8684679758979128,0.6956181464968069,0.3252951340230311,0.6108264621753353
0.48743119824951364,0.0032182636042786816,0.7126213330985128,0.0009651983856999275
0.8945522268940914,0.6195893374598407,0.816779466505636,0.293401139184977
0.7998552559473152,0.3554930104413574,0.18161396775660266,0.46591915731582184
0.42521350446923345,0.7941973312770843,0.3709410081577652,0.34392836386215025
0.022469308320117398,0.09299063982313216,0.90194019674915,0.0010426942678967968
0.2686773593849461,0.5882022669483905,0.8066935196947392,0.08693000334073123
0.5416342146608669,0.48097288988612374,0.9848584027624758,0.11949333594065195
0.6334782198261473,0.6423255259052274,0.7542482596820808,0.2337590883883369
0.2578876854332023,0.06485359448296835,0.39319520102792227,0.016954078971705103
0.13935607407282413,0.5799837874281313,0.5906378339946378,0.05844752541192685
0.8349302367992991,0.5614845879595237,0.6610142542473203,0.2986259135241768
0.9844021807035521,0.5606600944161709,0.07845581631712395,0.9131834366791531
0.5256901823026858,0.6034876665964548,0.5444969591038651,0.24126821570228274
0.1716792858483035,0.6764679372263622,0.7093208284726096,0.07162589524461895
0.27230732651936895,0.8049889996807698,0.16732130400106038,0.3884741621109235
0.018390676547466733,0.26982072012821434,0.7806317174255571,0.0028173936743401433
0.914298806560499,0.8250494101800621,0.5837727805141116,0.5017203655445083
0.11775108289014113,0.4982556822634536,0.9522217856975946,0.027871952111652363
0.5765164755142536,0.07705827913433116,0.042422298206891695,0.15471112525770783
0.274055220687206,0.0585509292439792,0.26532613755546697,0.02195792603085181
0.5541780025157934,0.3342383186960608,0.6015538792998241,0.13125076703508476
0.6514203883518642,0.7848969771114676,0.2965599122059307,0.5680686381747753
0.8297418037072016,0.7076809347409158,0.7144241640712422,0.34565038923935615
0.2064212717606032,0.7886149646724064,0.759005282521931,0.09447058996060545
0.010995828658480478,0.5172690564416094,0.10251596406647445,0.014041925261257483
0.13688563006880727,0.44019899795549056,0.5138544642067677,0.04904141169635366
0.9000186418481051,0.14745252670628395,0.5088905555910559,0.10854754768299243
0.8738900775625152,0.32819275360931155,0.36928077021554107,0.29640952707925766
0.5974131021703083,0.43401936617387527,0.9329248625696721,0.12485701661536744
0.6005168604336534,0.08860042967961723,0.8275063198732212,0.028674449485667206
0.6650366745462555,0.22061195271121126,0.6972093819096368,0.09175904565098035
0.1753712786234496,0.5982252940637388,0.7143266357349976,0.06432717697315439
0.9144119459249598,0.7356631142391898,0.4617161438131191,0.536187440548132
0.4187705248920731,0.9983475113929496,0.9209945210965759,0.20192715887502583
0.38313852824949746,0.9331133313435577,0.6945954272532854,0.22124479112344728
0.5189177052828375,0.6425651995351915,0.7289810616558164,0.1984451442152037
0.046965966775055046,0.421248053294072,0.8616909037873453,0.010285853936201295
0.1662833687560794,0.6361773647082327,0.274071589342191,0.14046282734841495
0.7380336164263704,0.785651618080232,0.807070903866703,0.3091639310119285
0.08279866792512647,0.11833619092338732,0.19524060295649204,0.016591857129722082
0.6031521094663882,0.40990488969628824,0.34534195224488784,0.27066275815616136
0.24534910968132095,0.8398022856356172,0.3356104542698427,0.23218822384543225
0.38929561404197655,0.383832951933044,0.9785254683891406,0.06916198691160648
0.28869373677069987,0.5718722712271865,0.8565372237479268,0.08608515529073914
0.35567271646494913,0.5877693608621982,0.7011698615902597,0.12973240728462956
0.7190459051842455,0.18447625313363936,0.7270567616153901,0.08002067641939277
0.297121715623175,0.3622354416522884,0.5620727944025711,0.08110257846143011
0.5664046402968972,0.33451128874193214,0.9470906671085191,0.090227843711422
0.47605040219909966,0.026196708532064794,0.49625875288236154,0.010457288025479957
0.6636711653626481,0.024191763891355245,0.3805177098698945,0.016704777241007242
0.936829739324758,0.8316970436757735,0.163035336931591,0.9016721861149465
0.7325720972102503,0.2730708099728124,0.786205652261058,0.11238866128353
0.21494037859075676,0.5180787662388154,0.7344439320755914,0.06662585488622513
0.031183135061284672,0.29872557358877305,0.3843550385241349,0.0096157901275296
0.2622640442998251,0.9406792451153405,0.02519341395922936,0.7553514348508552
0.5950779307002548,0.25929675886577375,0.8389973277180107,0.08197866528188627
0.05142581348425035,0.4296568127389351,0.011417983454073632,0.09883198853308489
0.49636624720123634,0.8727302504846018,0.703699779629051,0.26315932519114393
0.5968428489168892,0.8419335667918086,0.970257109726057,0.23053802972279772
0.3342438908169608,0.18610141784627732,0.43766132814820347,0.05778170240350294
0.7709122037458219,0.8026433097957104,0.23497340499595276,0.7275992969502518
0.1065982531337718,0.45818688673789265,0.7048710100433817,0.03033215174716091
0.07513778173580876,0.4829688720853552,0.8171281420155851,0.019781573636309658
0.7281887562036033,0.13347997241594378,0.5464303160778473,0.07503972000241972
0.49549131620619846,0.08060151375712465,0.9670352752561462,0.018711981427651656
0.688402396427736,0.7279393069737652,0.0516687216579611,0.9291323285796955
0.4348273386037462,0.49646115235529975,0.5047955983045281,0.17659829787398387
0.2464020332391068,0.43685070261517955,0.7184539473225501,0.06566405835061272
0.8191023176741997,0.7295082286523967,0.862640471149179,0.3007700886759657
0.7994158789689793,0.7655128989911097,0.17925561190779005,0.7989506972395938
0.6946964708544268,0.15890816766935356,0.8000034817636814,0.06125239935882564
0.2721451372299627,0.6102251494776413,0.5527070757185453,0.12653431084034342
0.5902306668690871,0.13535408227768553,0.3965536819899632,0.0802715256562429
0.3609738969400268,0.7513750860290457,0.13171502857909356,0.5264775501774198
0.09158207332663415,0.6569551562671395,0.8652957589089124,0.031154102073187286
0.9173135754622428,0.956614621083458,0.15727320817971535,0.9360826775994351
0.1368186309189614,0.06895801635642118,0.30978785920909924,0.011511230060237423
0.9502373538208024,0.05705472115125432,0.2900455319624369,0.06938729224638043
0.44600577295795574,0.28218707469320015,0.8714140341908543,0.06468987590240995
